10001,09/01/2022,8:00,17:00
10001,09/02/2022,8:00,17:00
10001,09/05/2022,8:00,17:00
10001,09/06/2022,8:00,17:00
10001,09/07/2022,8:00,17:00
10001,09/08/2022,8:00,17:00
10001,09/09/2022,8:00,17:00
10001,09/12/2022,8:00,17:00
10001,09/13/2022,8:00,17:00
10001,09/14/2022,8:00,17:00
10001,09/15/2022,8:00,17:00
10001,09/16/2022,8:00,17:00
10001,09/19/2022,8:00,17:00
10001,09/20/2022,8:00,17:00
10001,09/21/2022,8:00,17:00
10001,09/22/2022,8:00,17:00
10001,09/23/2022,8:00,17:00
10001,09/26/2022,8:00,17:00
10001,09/27/2022,8:00,17:00
10001,09/28/2022,8:00,17:00
10001,09/29/2022,8:00,17:00
10001,09/30/2022,8:00,17:00
10001,10/03/2022,8:00,17:00
10001,10/04/2022,8:00,17:00
10001,10/05/2022,8:00,17:00
10001,10/06/2022,8:00,17:00
10001,10/07/2022,8:00,17:00
10001,10/10/2022,8:00,17:00
10001,10/11/2022,8:00,17:00
10001,10/12/2022,8:00,17:00
10001,10/13/2022,8:00,17:00
10001,10/14/2022,8:00,17:00
10001,10/17/2022,8:00,17:00
10001,10/18/2022,8:00,17:00
10001,10/19/2022,8:00,17:00
10001,10/20/2022,8:00,17:00
10001,10/21/2022,8:00,17:00
10001,10/24/2022,8:00,17:00
10001,10/25/2022,8:00,17:00
10001,10/26/2022,8:00,17:00
10001,10/27/2022,8:00,17:00
10001,10/28/2022,8:00,17:00
10001,10/31/2022,8:00,17:00
10001,11/01/2022,0:00,0:00
10001,11/02/2022,8:00,17:00
10001,11/03/2022,8:00,17:00
10001,11/04/2022,8:00,17:00
10001,11/07/2022,8:00,17:00
10001,11/08/2022,8:00,17:00
10001,11/09/2022,8:00,17:00
10001,11/10/2022,8:00,17:00
10001,11/11/2022,8:00,17:00
10001,11/14/2022,8:00,17:00
10001,11/15/2022,8:00,17:00
10001,11/16/2022,8:00,17:00
10001,11/17/2022,8:00,17:00
10001,11/18/2022,8:00,17:00
10001,11/21/2022,8:00,17:00
10001,11/22/2022,8:00,17:00
10001,11/23/2022,8:00,17:00
10001,11/24/2022,8:00,17:00
10001,11/25/2022,8:00,17:00
10001,11/28/2022,8:00,17:00
10001,11/29/2022,8:00,17:00
10001,11/30/2022,0:00,0:00
10001,12/01/2022,8:00,17:00
10001,12/02/2022,8:00,17:00
10001,12/05/2022,8:00,17:00
10001,12/06/2022,8:00,17:00
10001,12/07/2022,8:00,17:00
10001,12/08/2022,0:00,0:00
10001,12/09/2022,8:00,17:00
10001,12/12/2022,8:00,17:00
10001,12/13/2022,8:00,17:00
10001,12/14/2022,8:00,17:00
10001,12/15/2022,8:00,17:00
10001,12/16/2022,8:00,17:00
10001,12/19/2022,8:00,17:00
10001,12/20/2022,8:00,17:00
10001,12/21/2022,8:00,17:00
10001,12/22/2022,8:00,17:00
10001,12/23/2022,8:00,17:00
10001,12/26/2022,8:00,17:00
10001,12/27/2022,8:00,17:00
10001,12/28/2022,8:00,17:00
10001,12/29/2022,8:00,17:00
10001,12/30/2022,0:00,0:00
10002,09/01/2022,8:00,17:00
10002,09/02/2022,8:00,17:00
10002,09/05/2022,8:00,17:00
10002,09/06/2022,8:00,17:00
10002,09/07/2022,8:00,17:00
10002,09/08/2022,8:00,17:00
10002,09/09/2022,8:00,17:00
10002,09/12/2022,8:00,17:00
10002,09/13/2022,8:00,17:00
10002,09/14/2022,8:00,17:00
10002,09/15/2022,8:00,17:00
10002,09/16/2022,8:00,17:00
10002,09/19/2022,8:00,17:00
10002,09/20/2022,8:00,17:00
10002,09/21/2022,8:00,17:00
10002,09/22/2022,8:00,17:00
10002,09/23/2022,8:00,17:00
10002,09/26/2022,8:00,17:00
10002,09/27/2022,8:00,17:00
10002,09/28/2022,8:00,17:00
10002,09/29/2022,8:00,17:00
10002,09/30/2022,8:00,17:00
10002,10/03/2022,8:00,17:00
10002,10/04/2022,8:00,17:00
10002,10/05/2022,8:00,17:00
10002,10/06/2022,8:00,17:00
10002,10/07/2022,8:00,17:00
10002,10/10/2022,8:00,17:00
10002,10/11/2022,8:00,17:00
10002,10/12/2022,8:00,17:00
10002,10/13/2022,8:00,17:00
10002,10/14/2022,8:00,17:00
10002,10/17/2022,8:00,17:00
10002,10/18/2022,8:00,17:00
10002,10/19/2022,8:00,17:00
10002,10/20/2022,8:00,17:00
10002,10/21/2022,8:00,17:00
10002,10/24/2022,8:00,17:00
10002,10/25/2022,8:00,17:00
10002,10/26/2022,8:00,17:00
10002,10/27/2022,8:00,17:00
10002,10/28/2022,8:00,17:00
10002,10/31/2022,8:00,17:00
10002,11/01/2022,0:00,0:00
10002,11/02/2022,8:00,17:00
10002,11/03/2022,8:00,17:00
10002,11/04/2022,8:00,17:00
10002,11/07/2022,8:00,17:00
10002,11/08/2022,8:00,17:00
10002,11/09/2022,8:00,17:00
10002,11/10/2022,8:00,17:00
10002,11/11/2022,8:00,17:00
10002,11/14/2022,8:00,17:00
10002,11/15/2022,8:00,17:00
10002,11/16/2022,8:00,17:00
10002,11/17/2022,8:00,17:00
10002,11/18/2022,8:00,17:00
10002,11/21/2022,8:00,17:00
10002,11/22/2022,8:00,17:00
10002,11/23/2022,8:00,17:00
10002,11/24/2022,8:00,17:00
10002,11/25/2022,8:00,17:00
10002,11/28/2022,8:00,17:00
10002,11/29/2022,8:00,17:00
10002,11/30/2022,0:00,0:00
10002,12/01/2022,8:00,17:00
10002,12/02/2022,8:00,17:00
10002,12/05/2022,8:00,17:00
10002,12/06/2022,8:00,17:00
10002,12/07/2022,8:00,17:00
10002,12/08/2022,0:00,0:00
10002,12/09/2022,8:00,17:00
10002,12/12/2022,8:00,17:00
10002,12/13/2022,8:00,17:00
10002,12/14/2022,8:00,17:00
10002,12/15/2022,0:00,0:00
10002,12/16/2022,0:00,0:00
10002,12/19/2022,0:00,0:00
10002,12/20/2022,0:00,0:00
10002,12/21/2022,0:00,0:00
10002,12/22/2022,0:00,0:00
10002,12/23/2022,0:00,0:00
10002,12/26/2022,0:00,0:00
10002,12/27/2022,0:00,0:00
10002,12/28/2022,0:00,0:00
10002,12/29/2022,0:00,0:00
10002,12/30/2022,0:00,0:00
10003,09/01/2022,8:00,17:00
10003,09/02/2022,8:00,17:00
10003,09/05/2022,8:00,17:00
10003,09/06/2022,11:30,17:00
10003,09/07/2022,8:00,17:00
10003,09/08/2022,8:00,17:00
10003,09/09/2022,8:00,17:00
10003,09/12/2022,8:00,17:00
10003,09/13/2022,8:00,17:00
10003,09/14/2022,8:00,17:00
10003,09/15/2022,11:30,17:00
10003,09/16/2022,8:00,17:00
10003,09/19/2022,8:00,17:00
10003,09/20/2022,8:00,17:00
10003,09/21/2022,8:00,17:00
10003,09/22/2022,8:00,17:00
10003,09/23/2022,8:00,17:00
10003,09/26/2022,11:30,17:00
10003,09/27/2022,8:00,17:00
10003,09/28/2022,8:00,17:00
10003,09/29/2022,8:00,17:00
10003,09/30/2022,8:00,17:00
10003,10/03/2022,8:00,17:00
10003,10/04/2022,8:00,17:00
10003,10/05/2022,11:30,17:00
10003,10/06/2022,8:00,17:00
10003,10/07/2022,8:00,17:00
10003,10/10/2022,8:00,17:00
10003,10/11/2022,8:00,17:00
10003,10/12/2022,8:00,17:00
10003,10/13/2022,8:00,17:00
10003,10/14/2022,11:30,17:00
10003,10/17/2022,8:00,17:00
10003,10/18/2022,8:00,17:00
10003,10/19/2022,8:00,17:00
10003,10/20/2022,8:00,17:00
10003,10/21/2022,8:00,17:00
10003,10/24/2022,8:00,17:00
10003,10/25/2022,11:30,17:00
10003,10/26/2022,8:00,17:00
10003,10/27/2022,8:00,17:00
10003,10/28/2022,8:00,17:00
10003,10/31/2022,8:00,17:00
10003,11/01/2022,0:00,0:00
10003,11/02/2022,8:00,17:00
10003,11/03/2022,11:30,17:00
10003,11/04/2022,8:00,17:00
10003,11/07/2022,8:00,17:00
10003,11/08/2022,8:00,17:00
10003,11/09/2022,8:00,17:00
10003,11/10/2022,8:00,17:00
10003,11/11/2022,8:00,17:00
10003,11/14/2022,11:30,17:00
10003,11/15/2022,8:00,17:00
10003,11/16/2022,8:00,17:00
10003,11/17/2022,8:00,17:00
10003,11/18/2022,8:00,17:00
10003,11/21/2022,8:00,17:00
10003,11/22/2022,8:00,17:00
10003,11/23/2022,11:30,17:00
10003,11/24/2022,8:00,17:00
10003,11/25/2022,8:00,17:00
10003,11/28/2022,8:00,17:00
10003,11/29/2022,8:00,17:00
10003,11/30/2022,0:00,0:00
10003,12/01/2022,8:00,17:00
10003,12/02/2022,11:30,17:00
10003,12/05/2022,8:00,17:00
10003,12/06/2022,8:00,17:00
10003,12/07/2022,8:00,17:00
10003,12/08/2022,0:00,0:00
10003,12/09/2022,8:00,17:00
10003,12/12/2022,8:00,17:00
10003,12/13/2022,11:30,17:00
10003,12/14/2022,8:00,17:00
10003,12/15/2022,0:00,0:00
10003,12/16/2022,0:00,0:00
10003,12/19/2022,0:00,0:00
10003,12/20/2022,0:00,0:00
10003,12/21/2022,0:00,0:00
10003,12/22/2022,0:00,0:00
10003,12/23/2022,0:00,0:00
10003,12/26/2022,0:00,0:00
10003,12/27/2022,0:00,0:00
10003,12/28/2022,0:00,0:00
10003,12/29/2022,0:00,0:00
10003,12/30/2022,0:00,0:00
10004,09/01/2022,8:00,17:00
10004,09/02/2022,8:00,17:00
10004,09/05/2022,8:00,17:00
10004,09/06/2022,8:00,17:00
10004,09/07/2022,8:00,17:00
10004,09/08/2022,8:00,17:00
10004,09/09/2022,8:00,17:00
10004,09/12/2022,8:00,17:00
10004,09/13/2022,8:00,17:00
10004,09/14/2022,8:00,17:00
10004,09/15/2022,8:00,17:00
10004,09/16/2022,8:00,17:00
10004,09/19/2022,8:00,17:00
10004,09/20/2022,8:00,17:00
10004,09/21/2022,8:00,17:00
10004,09/22/2022,8:00,17:00
10004,09/23/2022,8:00,17:00
10004,09/26/2022,8:00,17:00
10004,09/27/2022,8:00,17:00
10004,09/28/2022,8:00,17:00
10004,09/29/2022,8:00,17:00
10004,09/30/2022,8:00,17:00
10004,10/03/2022,8:00,17:00
10004,10/04/2022,8:00,17:00
10004,10/05/2022,8:00,17:00
10004,10/06/2022,8:00,17:00
10004,10/07/2022,8:00,17:00
10004,10/10/2022,8:00,17:00
10004,10/11/2022,8:00,17:00
10004,10/12/2022,8:00,17:00
10004,10/13/2022,8:00,17:00
10004,10/14/2022,8:00,17:00
10004,10/17/2022,8:00,17:00
10004,10/18/2022,8:00,17:00
10004,10/19/2022,8:00,17:00
10004,10/20/2022,8:00,17:00
10004,10/21/2022,8:00,17:00
10004,10/24/2022,8:00,17:00
10004,10/25/2022,8:00,17:00
10004,10/26/2022,8:00,17:00
10004,10/27/2022,8:00,17:00
10004,10/28/2022,8:00,17:00
10004,10/31/2022,8:00,17:00
10004,11/01/2022,0:00,0:00
10004,11/02/2022,8:00,17:00
10004,11/03/2022,8:00,17:00
10004,11/04/2022,8:00,17:00
10004,11/07/2022,8:00,17:00
10004,11/08/2022,8:00,17:00
10004,11/09/2022,8:00,17:00
10004,11/10/2022,8:00,17:00
10004,11/11/2022,8:00,17:00
10004,11/14/2022,8:00,17:00
10004,11/15/2022,8:00,17:00
10004,11/16/2022,8:00,17:00
10004,11/17/2022,8:00,17:00
10004,11/18/2022,8:00,17:00
10004,11/21/2022,8:00,17:00
10004,11/22/2022,8:00,17:00
10004,11/23/2022,8:00,17:00
10004,11/24/2022,8:00,17:00
10004,11/25/2022,8:00,17:00
10004,11/28/2022,8:00,17:00
10004,11/29/2022,8:00,17:00
10004,11/30/2022,0:00,0:00
10004,12/01/2022,8:00,17:00
10004,12/02/2022,8:00,17:00
10004,12/05/2022,8:00,17:00
10004,12/06/2022,8:00,17:00
10004,12/07/2022,8:00,17:00
10004,12/08/2022,0:00,0:00
10004,12/09/2022,8:00,17:00
10004,12/12/2022,8:00,17:00
10004,12/13/2022,8:00,17:00
10004,12/14/2022,8:00,17:00
10004,12/15/2022,0:00,0:00
10004,12/16/2022,0:00,0:00
10004,12/19/2022,0:00,0:00
10004,12/20/2022,0:00,0:00
10004,12/21/2022,0:00,0:00
10004,12/22/2022,0:00,0:00
10004,12/23/2022,0:00,0:00
10004,12/26/2022,0:00,0:00
10004,12/27/2022,0:00,0:00
10004,12/28/2022,0:00,0:00
10004,12/29/2022,0:00,0:00
10004,12/30/2022,0:00,0:00
10005,09/01/2022,8:00,17:00
10005,09/02/2022,8:00,17:00
10005,09/05/2022,8:15,17:00
10005,09/06/2022,8:00,17:00
10005,09/07/2022,8:00,17:00
10005,09/08/2022,8:00,17:00
10005,09/09/2022,8:00,17:00
10005,09/12/2022,8:00,17:00
10005,09/13/2022,8:00,17:00
10005,09/14/2022,8:15,17:00
10005,09/15/2022,8:00,17:00
10005,09/16/2022,8:00,17:00
10005,09/19/2022,8:00,17:00
10005,09/20/2022,8:00,17:00
10005,09/21/2022,8:00,17:00
10005,09/22/2022,8:00,17:00
10005,09/23/2022,8:15,17:00
10005,09/26/2022,8:00,17:00
10005,09/27/2022,8:00,17:00
10005,09/28/2022,8:00,17:00
10005,09/29/2022,8:00,17:00
10005,09/30/2022,8:00,17:00
10005,10/03/2022,8:00,17:00
10005,10/04/2022,8:15,17:00
10005,10/05/2022,8:00,17:00
10005,10/06/2022,8:00,17:00
10005,10/07/2022,8:00,17:00
10005,10/10/2022,8:00,17:00
10005,10/11/2022,8:00,17:00
10005,10/12/2022,8:00,17:00
10005,10/13/2022,8:15,17:00
10005,10/14/2022,8:00,17:00
10005,10/17/2022,8:00,17:00
10005,10/18/2022,8:00,17:00
10005,10/19/2022,8:00,17:00
10005,10/20/2022,8:00,17:00
10005,10/21/2022,8:00,17:00
10005,10/24/2022,8:15,17:00
10005,10/25/2022,8:00,17:00
10005,10/26/2022,8:00,17:00
10005,10/27/2022,8:00,17:00
10005,10/28/2022,8:00,17:00
10005,10/31/2022,8:00,17:00
10005,11/01/2022,0:00,0:00
10005,11/02/2022,8:15,17:00
10005,11/03/2022,8:00,17:00
10005,11/04/2022,8:00,17:00
10005,11/07/2022,8:00,17:00
10005,11/08/2022,8:00,17:00
10005,11/09/2022,8:00,17:00
10005,11/10/2022,8:00,17:00
10005,11/11/2022,8:15,17:00
10005,11/14/2022,8:00,17:00
10005,11/15/2022,8:00,17:00
10005,11/16/2022,8:00,17:00
10005,11/17/2022,8:00,17:00
10005,11/18/2022,8:00,17:00
10005,11/21/2022,8:00,17:00
10005,11/22/2022,8:15,17:00
10005,11/23/2022,8:00,17:00
10005,11/24/2022,8:00,17:00
10005,11/25/2022,8:00,17:00
10005,11/28/2022,8:00,17:00
10005,11/29/2022,8:00,17:00
10005,11/30/2022,0:00,0:00
10005,12/01/2022,8:15,17:00
10005,12/02/2022,8:00,17:00
10005,12/05/2022,8:00,17:00
10005,12/06/2022,8:00,17:00
10005,12/07/2022,8:00,17:00
10005,12/08/2022,0:00,0:00
10005,12/09/2022,8:00,17:00
10005,12/12/2022,8:15,17:00
10005,12/13/2022,8:00,17:00
10005,12/14/2022,8:00,17:00
10005,12/15/2022,0:00,0:00
10005,12/16/2022,0:00,0:00
10005,12/19/2022,0:00,0:00
10005,12/20/2022,0:00,0:00
10005,12/21/2022,0:00,0:00
10005,12/22/2022,0:00,0:00
10005,12/23/2022,0:00,0:00
10005,12/26/2022,0:00,0:00
10005,12/27/2022,0:00,0:00
10005,12/28/2022,0:00,0:00
10005,12/29/2022,0:00,0:00
10005,12/30/2022,0:00,0:00
10006,09/01/2022,8:00,17:00
10006,09/02/2022,8:00,17:00
10006,09/05/2022,8:00,17:00
10006,09/06/2022,8:00,17:00
10006,09/07/2022,8:00,17:00
10006,09/08/2022,8:00,17:00
10006,09/09/2022,8:00,17:00
10006,09/12/2022,8:00,17:00
10006,09/13/2022,8:00,17:00
10006,09/14/2022,8:00,17:00
10006,09/15/2022,8:00,17:00
10006,09/16/2022,8:00,17:00
10006,09/19/2022,8:00,17:00
10006,09/20/2022,8:00,17:00
10006,09/21/2022,8:00,17:00
10006,09/22/2022,8:00,17:00
10006,09/23/2022,8:00,17:00
10006,09/26/2022,8:00,17:00
10006,09/27/2022,8:00,17:00
10006,09/28/2022,8:00,17:00
10006,09/29/2022,8:00,17:00
10006,09/30/2022,8:00,17:00
10006,10/03/2022,8:00,17:00
10006,10/04/2022,8:00,17:00
10006,10/05/2022,8:00,17:00
10006,10/06/2022,8:00,17:00
10006,10/07/2022,8:00,17:00
10006,10/10/2022,8:00,17:00
10006,10/11/2022,8:00,17:00
10006,10/12/2022,8:00,17:00
10006,10/13/2022,8:00,17:00
10006,10/14/2022,8:00,17:00
10006,10/17/2022,8:00,17:00
10006,10/18/2022,8:00,17:00
10006,10/19/2022,8:00,17:00
10006,10/20/2022,8:00,17:00
10006,10/21/2022,8:00,17:00
10006,10/24/2022,8:00,17:00
10006,10/25/2022,8:00,17:00
10006,10/26/2022,8:00,17:00
10006,10/27/2022,8:00,17:00
10006,10/28/2022,8:00,17:00
10006,10/31/2022,8:00,17:00
10006,11/01/2022,0:00,0:00
10006,11/02/2022,8:00,17:00
10006,11/03/2022,8:00,17:00
10006,11/04/2022,8:00,17:00
10006,11/07/2022,8:00,17:00
10006,11/08/2022,8:00,17:00
10006,11/09/2022,8:00,17:00
10006,11/10/2022,8:00,17:00
10006,11/11/2022,8:00,17:00
10006,11/14/2022,8:00,17:00
10006,11/15/2022,8:00,17:00
10006,11/16/2022,8:00,17:00
10006,11/17/2022,8:00,17:00
10006,11/18/2022,8:00,17:00
10006,11/21/2022,8:00,17:00
10006,11/22/2022,8:00,17:00
10006,11/23/2022,8:00,17:00
10006,11/24/2022,8:00,17:00
10006,11/25/2022,8:00,17:00
10006,11/28/2022,8:00,17:00
10006,11/29/2022,8:00,17:00
10006,11/30/2022,0:00,0:00
10006,12/01/2022,8:00,17:00
10006,12/02/2022,8:00,17:00
10006,12/05/2022,8:00,17:00
10006,12/06/2022,8:00,17:00
10006,12/07/2022,8:00,17:00
10006,12/08/2022,0:00,0:00
10006,12/09/2022,8:00,17:00
10006,12/12/2022,8:00,17:00
10006,12/13/2022,8:00,17:00
10006,12/14/2022,8:00,17:00
10006,12/15/2022,0:00,0:00
10006,12/16/2022,0:00,0:00
10006,12/19/2022,0:00,0:00
10006,12/20/2022,0:00,0:00
10006,12/21/2022,0:00,0:00
10006,12/22/2022,0:00,0:00
10006,12/23/2022,0:00,0:00
10006,12/26/2022,0:00,0:00
10006,12/27/2022,0:00,0:00
10006,12/28/2022,0:00,0:00
10006,12/29/2022,0:00,0:00
10006,12/30/2022,0:00,0:00
10007,09/01/2022,8:27,17:00
10007,09/02/2022,8:00,17:00
10007,09/05/2022,8:00,17:00
10007,09/06/2022,8:00,17:00
10007,09/07/2022,8:00,17:00
10007,09/08/2022,8:00,17:00
10007,09/09/2022,8:00,17:00
10007,09/12/2022,8:27,17:00
10007,09/13/2022,8:00,17:00
10007,09/14/2022,8:00,17:00
10007,09/15/2022,8:00,17:00
10007,09/16/2022,8:00,17:00
10007,09/19/2022,8:00,17:00
10007,09/20/2022,8:00,17:00
10007,09/21/2022,8:27,17:00
10007,09/22/2022,8:00,17:00
10007,09/23/2022,8:00,17:00
10007,09/26/2022,8:00,17:00
10007,09/27/2022,8:00,17:00
10007,09/28/2022,8:00,17:00
10007,09/29/2022,8:00,17:00
10007,09/30/2022,8:27,17:00
10007,10/03/2022,8:00,17:00
10007,10/04/2022,8:00,17:00
10007,10/05/2022,8:00,17:00
10007,10/06/2022,8:00,17:00
10007,10/07/2022,8:00,17:00
10007,10/10/2022,8:00,17:00
10007,10/11/2022,8:27,17:00
10007,10/12/2022,8:00,17:00
10007,10/13/2022,8:00,17:00
10007,10/14/2022,8:00,17:00
10007,10/17/2022,8:00,17:00
10007,10/18/2022,8:00,17:00
10007,10/19/2022,8:00,17:00
10007,10/20/2022,8:27,17:00
10007,10/21/2022,8:00,17:00
10007,10/24/2022,8:00,17:00
10007,10/25/2022,8:00,17:00
10007,10/26/2022,8:00,17:00
10007,10/27/2022,8:00,17:00
10007,10/28/2022,8:00,17:00
10007,10/31/2022,8:27,17:00
10007,11/01/2022,0:00,0:00
10007,11/02/2022,8:00,17:00
10007,11/03/2022,8:00,17:00
10007,11/04/2022,8:00,17:00
10007,11/07/2022,8:00,17:00
10007,11/08/2022,8:00,17:00
10007,11/09/2022,8:27,17:00
10007,11/10/2022,8:00,17:00
10007,11/11/2022,8:00,17:00
10007,11/14/2022,8:00,17:00
10007,11/15/2022,8:00,17:00
10007,11/16/2022,8:00,17:00
10007,11/17/2022,8:00,17:00
10007,11/18/2022,8:27,17:00
10007,11/21/2022,8:00,17:00
10007,11/22/2022,8:00,17:00
10007,11/23/2022,8:00,17:00
10007,11/24/2022,8:00,17:00
10007,11/25/2022,8:00,17:00
10007,11/28/2022,8:00,17:00
10007,11/29/2022,8:27,17:00
10007,11/30/2022,0:00,0:00
10007,12/01/2022,8:00,17:00
10007,12/02/2022,8:00,17:00
10007,12/05/2022,8:00,17:00
10007,12/06/2022,8:00,17:00
10007,12/07/2022,8:00,17:00
10007,12/08/2022,0:00,0:00
10007,12/09/2022,8:00,17:00
10007,12/12/2022,8:00,17:00
10007,12/13/2022,8:00,17:00
10007,12/14/2022,8:00,17:00
10007,12/15/2022,8:00,17:00
10007,12/16/2022,8:00,17:00
10007,12/19/2022,8:27,17:00
10007,12/20/2022,8:00,17:00
10007,12/21/2022,8:00,17:00
10007,12/22/2022,8:00,17:00
10007,12/23/2022,8:00,17:00
10007,12/26/2022,8:00,17:00
10007,12/27/2022,8:00,17:00
10007,12/28/2022,8:27,17:00
10007,12/29/2022,8:00,17:00
10007,12/30/2022,0:00,0:00
10008,09/01/2022,8:01,17:00
10008,09/02/2022,8:00,17:00
10008,09/05/2022,8:00,17:00
10008,09/06/2022,8:10,17:00
10008,09/07/2022,8:00,17:00
10008,09/08/2022,8:00,17:00
10008,09/09/2022,8:00,17:00
10008,09/12/2022,8:01,17:00
10008,09/13/2022,8:00,17:00
10008,09/14/2022,8:00,17:00
10008,09/15/2022,8:10,17:00
10008,09/16/2022,8:00,17:00
10008,09/19/2022,8:00,17:00
10008,09/20/2022,8:00,17:00
10008,09/21/2022,8:01,17:00
10008,09/22/2022,8:00,17:00
10008,09/23/2022,8:00,17:00
10008,09/26/2022,8:10,17:00
10008,09/27/2022,8:00,17:00
10008,09/28/2022,8:00,17:00
10008,09/29/2022,8:00,17:00
10008,09/30/2022,8:01,17:00
10008,10/03/2022,8:00,17:00
10008,10/04/2022,8:00,17:00
10008,10/05/2022,8:10,17:00
10008,10/06/2022,8:00,17:00
10008,10/07/2022,8:00,17:00
10008,10/10/2022,8:00,17:00
10008,10/11/2022,8:01,17:00
10008,10/12/2022,8:00,17:00
10008,10/13/2022,8:00,17:00
10008,10/14/2022,8:10,17:00
10008,10/17/2022,8:00,17:00
10008,10/18/2022,8:00,17:00
10008,10/19/2022,8:00,17:00
10008,10/20/2022,8:01,17:00
10008,10/21/2022,8:00,17:00
10008,10/24/2022,8:00,17:00
10008,10/25/2022,8:10,17:00
10008,10/26/2022,8:00,17:00
10008,10/27/2022,8:00,17:00
10008,10/28/2022,8:00,17:00
10008,10/31/2022,8:01,17:00
10008,11/01/2022,0:00,0:00
10008,11/02/2022,8:00,17:00
10008,11/03/2022,8:10,17:00
10008,11/04/2022,8:00,17:00
10008,11/07/2022,8:00,17:00
10008,11/08/2022,8:00,17:00
10008,11/09/2022,8:01,17:00
10008,11/10/2022,8:00,17:00
10008,11/11/2022,8:00,17:00
10008,11/14/2022,8:10,17:00
10008,11/15/2022,8:00,17:00
10008,11/16/2022,8:00,17:00
10008,11/17/2022,8:00,17:00
10008,11/18/2022,8:01,17:00
10008,11/21/2022,8:00,17:00
10008,11/22/2022,8:00,17:00
10008,11/23/2022,8:10,17:00
10008,11/24/2022,8:00,17:00
10008,11/25/2022,8:00,17:00
10008,11/28/2022,8:00,17:00
10008,11/29/2022,8:01,17:00
10008,11/30/2022,0:00,0:00
10008,12/01/2022,8:00,17:00
10008,12/02/2022,8:10,17:00
10008,12/05/2022,8:00,17:00
10008,12/06/2022,8:00,17:00
10008,12/07/2022,8:00,17:00
10008,12/08/2022,0:00,0:00
10008,12/09/2022,8:00,17:00
10008,12/12/2022,8:00,17:00
10008,12/13/2022,8:10,17:00
10008,12/14/2022,8:00,17:00
10008,12/15/2022,8:00,17:00
10008,12/16/2022,8:00,17:00
10008,12/19/2022,8:01,17:00
10008,12/20/2022,8:00,17:00
10008,12/21/2022,8:00,17:00
10008,12/22/2022,8:10,17:00
10008,12/23/2022,8:00,17:00
10008,12/26/2022,8:00,17:00
10008,12/27/2022,8:00,17:00
10008,12/28/2022,8:01,17:00
10008,12/29/2022,8:00,17:00
10008,12/30/2022,0:00,0:00
10009,09/01/2022,8:05,17:00
10009,09/02/2022,8:00,17:00
10009,09/05/2022,8:00,17:00
10009,09/06/2022,0:00,0:00
10009,09/07/2022,0:00,0:00
10009,09/08/2022,0:00,0:00
10009,09/09/2022,0:00,0:00
10009,09/12/2022,0:00,0:00
10009,09/13/2022,8:00,17:00
10009,09/14/2022,8:00,17:00
10009,09/15/2022,8:00,17:00
10009,09/16/2022,8:00,17:00
10009,09/19/2022,8:00,17:00
10009,09/20/2022,8:00,17:00
10009,09/21/2022,8:05,17:00
10009,09/22/2022,8:00,17:00
10009,09/23/2022,8:00,17:00
10009,09/26/2022,8:00,17:00
10009,09/27/2022,8:00,17:00
10009,09/28/2022,8:00,17:00
10009,09/29/2022,8:00,17:00
10009,09/30/2022,8:05,17:00
10009,10/03/2022,8:00,17:00
10009,10/04/2022,8:00,17:00
10009,10/05/2022,0:00,0:00
10009,10/06/2022,8:00,17:00
10009,10/07/2022,8:00,17:00
10009,10/10/2022,8:00,17:00
10009,10/11/2022,8:05,17:00
10009,10/12/2022,8:00,17:00
10009,10/13/2022,8:00,17:00
10009,10/14/2022,8:00,17:00
10009,10/17/2022,8:00,17:00
10009,10/18/2022,8:00,17:00
10009,10/19/2022,8:00,17:00
10009,10/20/2022,8:05,17:00
10009,10/21/2022,8:00,17:00
10009,10/24/2022,8:00,17:00
10009,10/25/2022,8:00,17:00
10009,10/26/2022,8:00,17:00
10009,10/27/2022,8:00,17:00
10009,10/28/2022,8:00,17:00
10009,10/31/2022,8:05,17:00
10009,11/01/2022,0:00,0:00
10009,11/02/2022,8:00,17:00
10009,11/03/2022,8:00,17:00
10009,11/04/2022,8:00,17:00
10009,11/07/2022,8:00,17:00
10009,11/08/2022,8:00,17:00
10009,11/09/2022,8:05,17:00
10009,11/10/2022,8:00,17:00
10009,11/11/2022,8:00,17:00
10009,11/14/2022,8:00,17:00
10009,11/15/2022,8:00,17:00
10009,11/16/2022,8:00,17:00
10009,11/17/2022,8:00,17:00
10009,11/18/2022,8:05,17:00
10009,11/21/2022,8:00,17:00
10009,11/22/2022,8:00,17:00
10009,11/23/2022,8:00,17:00
10009,11/24/2022,8:00,17:00
10009,11/25/2022,8:00,17:00
10009,11/28/2022,8:00,17:00
10009,11/29/2022,8:05,17:00
10009,11/30/2022,0:00,0:00
10009,12/01/2022,8:00,17:00
10009,12/02/2022,8:00,17:00
10009,12/05/2022,8:00,17:00
10009,12/06/2022,8:00,17:00
10009,12/07/2022,8:00,17:00
10009,12/08/2022,0:00,0:00
10009,12/09/2022,8:00,17:00
10009,12/12/2022,8:00,17:00
10009,12/13/2022,8:00,17:00
10009,12/14/2022,8:00,17:00
10009,12/15/2022,8:00,17:00
10009,12/16/2022,8:00,17:00
10009,12/19/2022,8:05,17:00
10009,12/20/2022,8:00,17:00
10009,12/21/2022,8:00,17:00
10009,12/22/2022,8:00,17:00
10009,12/23/2022,8:00,17:00
10009,12/26/2022,8:00,17:00
10009,12/27/2022,8:00,17:00
10009,12/28/2022,8:05,17:00
10009,12/29/2022,8:00,17:00
10009,12/30/2022,0:00,0:00
10010,09/01/2022,8:00,17:00
10010,09/02/2022,8:00,17:00
10010,09/05/2022,8:00,17:00
10010,09/06/2022,8:00,17:00
10010,09/07/2022,8:00,17:00
10010,09/08/2022,8:00,17:00
10010,09/09/2022,8:00,17:00
10010,09/12/2022,8:00,17:00
10010,09/13/2022,8:00,17:00
10010,09/14/2022,8:00,17:00
10010,09/15/2022,8:00,17:00
10010,09/16/2022,8:00,17:00
10010,09/19/2022,8:00,17:00
10010,09/20/2022,8:00,17:00
10010,09/21/2022,8:00,17:00
10010,09/22/2022,8:00,17:00
10010,09/23/2022,8:00,17:00
10010,09/26/2022,8:00,17:00
10010,09/27/2022,8:00,17:00
10010,09/28/2022,8:00,17:00
10010,09/29/2022,8:00,17:00
10010,09/30/2022,8:00,17:00
10010,10/03/2022,8:00,17:00
10010,10/04/2022,8:00,17:00
10010,10/05/2022,8:00,17:00
10010,10/06/2022,8:00,17:00
10010,10/07/2022,8:00,17:00
10010,10/10/2022,8:00,17:00
10010,10/11/2022,0:00,0:00
10010,10/12/2022,8:00,17:00
10010,10/13/2022,8:00,17:00
10010,10/14/2022,8:00,17:00
10010,10/17/2022,8:00,17:00
10010,10/18/2022,8:00,17:00
10010,10/19/2022,8:00,17:00
10010,10/20/2022,8:00,17:00
10010,10/21/2022,0:00,0:00
10010,10/24/2022,8:00,17:00
10010,10/25/2022,8:00,17:00
10010,10/26/2022,8:00,17:00
10010,10/27/2022,8:00,17:00
10010,10/28/2022,8:00,17:00
10010,10/31/2022,8:00,17:00
10010,11/01/2022,0:00,0:00
10010,11/02/2022,8:00,17:00
10010,11/03/2022,8:00,17:00
10010,11/04/2022,8:00,17:00
10010,11/07/2022,8:00,17:00
10010,11/08/2022,8:00,17:00
10010,11/09/2022,8:00,17:00
10010,11/10/2022,8:00,17:00
10010,11/11/2022,8:00,17:00
10010,11/14/2022,8:00,17:00
10010,11/15/2022,8:00,17:00
10010,11/16/2022,8:00,17:00
10010,11/17/2022,8:00,17:00
10010,11/18/2022,8:00,17:00
10010,11/21/2022,8:00,17:00
10010,11/22/2022,8:00,17:00
10010,11/23/2022,8:00,17:00
10010,11/24/2022,8:00,17:00
10010,11/25/2022,8:00,17:00
10010,11/28/2022,8:00,17:00
10010,11/29/2022,8:00,17:00
10010,11/30/2022,0:00,0:00
10010,12/01/2022,8:00,17:00
10010,12/02/2022,8:00,17:00
10010,12/05/2022,8:00,17:00
10010,12/06/2022,8:00,17:00
10010,12/07/2022,8:00,17:00
10010,12/08/2022,0:00,0:00
10010,12/09/2022,8:00,17:00
10010,12/12/2022,8:00,17:00
10010,12/13/2022,8:00,17:00
10010,12/14/2022,8:00,17:00
10010,12/15/2022,8:00,17:00
10010,12/16/2022,8:00,17:00
10010,12/19/2022,8:00,17:00
10010,12/20/2022,8:00,17:00
10010,12/21/2022,8:00,17:00
10010,12/22/2022,8:00,17:00
10010,12/23/2022,8:00,17:00
10010,12/26/2022,8:00,17:00
10010,12/27/2022,8:00,17:00
10010,12/28/2022,8:00,17:00
10010,12/29/2022,8:00,17:00
10010,12/30/2022,0:00,0:00
10011,09/01/2022,8:00,17:00
10011,09/02/2022,8:00,17:00
10011,09/05/2022,10:30,17:00
10011,09/06/2022,8:00,17:00
10011,09/07/2022,8:00,17:00
10011,09/08/2022,8:00,17:00
10011,09/09/2022,8:00,17:00
10011,09/12/2022,8:00,17:00
10011,09/13/2022,8:00,17:00
10011,09/14/2022,10:30,17:00
10011,09/15/2022,8:00,17:00
10011,09/16/2022,8:00,17:00
10011,09/19/2022,8:00,17:00
10011,09/20/2022,8:00,17:00
10011,09/21/2022,8:00,17:00
10011,09/22/2022,8:00,17:00
10011,09/23/2022,10:30,17:00
10011,09/26/2022,8:00,17:00
10011,09/27/2022,8:00,17:00
10011,09/28/2022,8:00,17:00
10011,09/29/2022,8:00,17:00
10011,09/30/2022,8:00,17:00
10011,10/03/2022,8:00,17:00
10011,10/04/2022,10:30,17:00
10011,10/05/2022,8:00,17:00
10011,10/06/2022,8:00,17:00
10011,10/07/2022,8:00,17:00
10011,10/10/2022,8:00,17:00
10011,10/11/2022,8:00,17:00
10011,10/12/2022,8:00,17:00
10011,10/13/2022,10:30,17:00
10011,10/14/2022,8:00,17:00
10011,10/17/2022,8:00,17:00
10011,10/18/2022,8:00,17:00
10011,10/19/2022,8:00,17:00
10011,10/20/2022,8:00,17:00
10011,10/21/2022,8:00,17:00
10011,10/24/2022,10:30,17:00
10011,10/25/2022,8:00,17:00
10011,10/26/2022,8:00,17:00
10011,10/27/2022,8:00,17:00
10011,10/28/2022,8:00,17:00
10011,10/31/2022,8:00,17:00
10011,11/01/2022,0:00,0:00
10011,11/02/2022,10:30,17:00
10011,11/03/2022,8:00,17:00
10011,11/04/2022,8:00,17:00
10011,11/07/2022,8:00,17:00
10011,11/08/2022,8:00,17:00
10011,11/09/2022,8:00,17:00
10011,11/10/2022,8:00,17:00
10011,11/11/2022,10:30,17:00
10011,11/14/2022,8:00,17:00
10011,11/15/2022,8:00,17:00
10011,11/16/2022,8:00,17:00
10011,11/17/2022,8:00,17:00
10011,11/18/2022,8:00,17:00
10011,11/21/2022,8:00,17:00
10011,11/22/2022,10:30,17:00
10011,11/23/2022,8:00,17:00
10011,11/24/2022,8:00,17:00
10011,11/25/2022,8:00,17:00
10011,11/28/2022,8:00,17:00
10011,11/29/2022,8:00,17:00
10011,11/30/2022,0:00,0:00
10011,12/01/2022,10:30,17:00
10011,12/02/2022,8:00,17:00
10011,12/05/2022,8:00,17:00
10011,12/06/2022,8:00,17:00
10011,12/07/2022,8:00,17:00
10011,12/08/2022,0:00,0:00
10011,12/09/2022,8:00,17:00
10011,12/12/2022,10:30,17:00
10011,12/13/2022,8:00,17:00
10011,12/14/2022,8:00,17:00
10011,12/15/2022,8:00,17:00
10011,12/16/2022,8:00,17:00
10011,12/19/2022,8:00,17:00
10011,12/20/2022,8:00,17:00
10011,12/21/2022,10:30,17:00
10011,12/22/2022,8:00,17:00
10011,12/23/2022,8:00,17:00
10011,12/26/2022,8:00,17:00
10011,12/27/2022,8:00,17:00
10011,12/28/2022,8:00,17:00
10011,12/29/2022,8:00,17:00
10011,12/30/2022,0:00,0:00
10012,09/01/2022,8:00,17:00
10012,09/02/2022,8:00,17:00
10012,09/05/2022,8:00,17:00
10012,09/06/2022,8:00,17:00
10012,09/07/2022,8:00,17:00
10012,09/08/2022,8:00,17:00
10012,09/09/2022,8:00,17:00
10012,09/12/2022,8:00,17:00
10012,09/13/2022,8:00,17:00
10012,09/14/2022,8:00,17:00
10012,09/15/2022,8:00,17:00
10012,09/16/2022,8:00,17:00
10012,09/19/2022,8:00,17:00
10012,09/20/2022,8:00,17:00
10012,09/21/2022,8:00,17:00
10012,09/22/2022,8:00,17:00
10012,09/23/2022,8:00,17:00
10012,09/26/2022,8:00,17:00
10012,09/27/2022,8:00,17:00
10012,09/28/2022,8:00,17:00
10012,09/29/2022,8:00,17:00
10012,09/30/2022,8:00,17:00
10012,10/03/2022,8:00,17:00
10012,10/04/2022,8:00,17:00
10012,10/05/2022,8:00,17:00
10012,10/06/2022,8:00,17:00
10012,10/07/2022,8:00,17:00
10012,10/10/2022,8:00,17:00
10012,10/11/2022,8:00,17:00
10012,10/12/2022,8:00,17:00
10012,10/13/2022,8:00,17:00
10012,10/14/2022,8:00,17:00
10012,10/17/2022,8:00,17:00
10012,10/18/2022,8:00,17:00
10012,10/19/2022,8:00,17:00
10012,10/20/2022,8:00,17:00
10012,10/21/2022,8:00,17:00
10012,10/24/2022,8:00,17:00
10012,10/25/2022,8:00,17:00
10012,10/26/2022,8:00,17:00
10012,10/27/2022,8:00,17:00
10012,10/28/2022,8:00,17:00
10012,10/31/2022,8:00,17:00
10012,11/01/2022,0:00,0:00
10012,11/02/2022,8:00,17:00
10012,11/03/2022,8:00,17:00
10012,11/04/2022,8:00,17:00
10012,11/07/2022,8:00,17:00
10012,11/08/2022,8:00,17:00
10012,11/09/2022,8:00,17:00
10012,11/10/2022,8:00,17:00
10012,11/11/2022,8:00,17:00
10012,11/14/2022,8:00,17:00
10012,11/15/2022,8:00,17:00
10012,11/16/2022,8:00,17:00
10012,11/17/2022,8:00,17:00
10012,11/18/2022,8:00,17:00
10012,11/21/2022,8:00,17:00
10012,11/22/2022,8:00,17:00
10012,11/23/2022,8:00,17:00
10012,11/24/2022,8:00,17:00
10012,11/25/2022,8:00,17:00
10012,11/28/2022,8:00,17:00
10012,11/29/2022,8:00,17:00
10012,11/30/2022,0:00,0:00
10012,12/01/2022,8:00,17:00
10012,12/02/2022,8:00,17:00
10012,12/05/2022,8:00,17:00
10012,12/06/2022,8:00,17:00
10012,12/07/2022,8:00,17:00
10012,12/08/2022,0:00,0:00
10012,12/09/2022,8:00,17:00
10012,12/12/2022,8:00,17:00
10012,12/13/2022,8:00,17:00
10012,12/14/2022,8:00,17:00
10012,12/15/2022,8:00,17:00
10012,12/16/2022,8:00,17:00
10012,12/19/2022,8:00,17:00
10012,12/20/2022,8:00,17:00
10012,12/21/2022,8:00,17:00
10012,12/22/2022,8:00,17:00
10012,12/23/2022,8:00,17:00
10012,12/26/2022,8:00,17:00
10012,12/27/2022,8:00,17:00
10012,12/28/2022,8:00,17:00
10012,12/29/2022,8:00,17:00
10012,12/30/2022,0:00,0:00
10013,09/01/2022,8:00,17:00
10013,09/02/2022,8:00,17:00
10013,09/05/2022,8:00,17:00
10013,09/06/2022,8:00,17:00
10013,09/07/2022,8:00,17:00
10013,09/08/2022,10:00,17:00
10013,09/09/2022,8:00,17:00
10013,09/12/2022,8:00,17:00
10013,09/13/2022,8:00,17:00
10013,09/14/2022,8:00,17:00
10013,09/15/2022,8:00,17:00
10013,09/16/2022,8:00,17:00
10013,09/19/2022,10:00,17:00
10013,09/20/2022,8:00,17:00
10013,09/21/2022,8:00,17:00
10013,09/22/2022,8:00,17:00
10013,09/23/2022,8:00,17:00
10013,09/26/2022,8:00,17:00
10013,09/27/2022,8:00,17:00
10013,09/28/2022,10:00,17:00
10013,09/29/2022,8:00,17:00
10013,09/30/2022,8:00,17:00
10013,10/03/2022,8:00,17:00
10013,10/04/2022,8:00,17:00
10013,10/05/2022,8:00,17:00
10013,10/06/2022,8:00,17:00
10013,10/07/2022,10:00,17:00
10013,10/10/2022,8:00,17:00
10013,10/11/2022,8:00,17:00
10013,10/12/2022,8:00,17:00
10013,10/13/2022,8:00,17:00
10013,10/14/2022,8:00,17:00
10013,10/17/2022,8:00,17:00
10013,10/18/2022,10:00,17:00
10013,10/19/2022,8:00,17:00
10013,10/20/2022,8:00,17:00
10013,10/21/2022,8:00,17:00
10013,10/24/2022,8:00,17:00
10013,10/25/2022,8:00,17:00
10013,10/26/2022,8:00,17:00
10013,10/27/2022,10:00,17:00
10013,10/28/2022,8:00,17:00
10013,10/31/2022,8:00,17:00
10013,11/01/2022,0:00,0:00
10013,11/02/2022,8:00,17:00
10013,11/03/2022,8:00,17:00
10013,11/04/2022,8:00,17:00
10013,11/07/2022,10:00,17:00
10013,11/08/2022,8:00,17:00
10013,11/09/2022,8:00,17:00
10013,11/10/2022,8:00,17:00
10013,11/11/2022,8:00,17:00
10013,11/14/2022,8:00,17:00
10013,11/15/2022,8:00,17:00
10013,11/16/2022,10:00,17:00
10013,11/17/2022,8:00,17:00
10013,11/18/2022,8:00,17:00
10013,11/21/2022,8:00,17:00
10013,11/22/2022,8:00,17:00
10013,11/23/2022,8:00,17:00
10013,11/24/2022,8:00,17:00
10013,11/25/2022,10:00,17:00
10013,11/28/2022,8:00,17:00
10013,11/29/2022,8:00,17:00
10013,11/30/2022,0:00,0:00
10013,12/01/2022,8:00,17:00
10013,12/02/2022,8:00,17:00
10013,12/05/2022,8:00,17:00
10013,12/06/2022,10:00,17:00
10013,12/07/2022,8:00,17:00
10013,12/08/2022,0:00,0:00
10013,12/09/2022,8:00,17:00
10013,12/12/2022,8:00,17:00
10013,12/13/2022,8:00,17:00
10013,12/14/2022,8:00,17:00
10013,12/15/2022,10:00,17:00
10013,12/16/2022,8:00,17:00
10013,12/19/2022,8:00,17:00
10013,12/20/2022,8:00,17:00
10013,12/21/2022,8:00,17:00
10013,12/22/2022,8:00,17:00
10013,12/23/2022,8:00,17:00
10013,12/26/2022,10:00,17:00
10013,12/27/2022,8:00,17:00
10013,12/28/2022,8:00,17:00
10013,12/29/2022,8:00,17:00
10013,12/30/2022,0:00,0:00
10014,09/01/2022,8:00,17:00
10014,09/02/2022,8:00,17:00
10014,09/05/2022,8:00,17:00
10014,09/06/2022,8:00,17:00
10014,09/07/2022,8:00,17:00
10014,09/08/2022,10:00,17:00
10014,09/09/2022,8:00,17:00
10014,09/12/2022,8:00,17:00
10014,09/13/2022,8:00,17:00
10014,09/14/2022,8:00,17:00
10014,09/15/2022,8:00,17:00
10014,09/16/2022,8:00,17:00
10014,09/19/2022,10:00,17:00
10014,09/20/2022,8:00,17:00
10014,09/21/2022,8:00,17:00
10014,09/22/2022,8:00,17:00
10014,09/23/2022,8:00,17:00
10014,09/26/2022,8:00,17:00
10014,09/27/2022,8:00,17:00
10014,09/28/2022,10:00,17:00
10014,09/29/2022,8:00,17:00
10014,09/30/2022,8:00,17:00
10014,10/03/2022,8:00,17:00
10014,10/04/2022,8:00,17:00
10014,10/05/2022,8:00,17:00
10014,10/06/2022,8:00,17:00
10014,10/07/2022,0:00,0:00
10014,10/10/2022,8:00,17:00
10014,10/11/2022,8:00,17:00
10014,10/12/2022,8:00,17:00
10014,10/13/2022,8:00,17:00
10014,10/14/2022,8:00,17:00
10014,10/17/2022,8:00,17:00
10014,10/18/2022,10:00,17:00
10014,10/19/2022,8:00,17:00
10014,10/20/2022,8:00,17:00
10014,10/21/2022,8:00,17:00
10014,10/24/2022,8:00,17:00
10014,10/25/2022,8:00,17:00
10014,10/26/2022,8:00,17:00
10014,10/27/2022,10:00,17:00
10014,10/28/2022,8:00,17:00
10014,10/31/2022,8:00,17:00
10014,11/01/2022,0:00,0:00
10014,11/02/2022,8:00,17:00
10014,11/03/2022,8:00,17:00
10014,11/04/2022,8:00,17:00
10014,11/07/2022,10:00,17:00
10014,11/08/2022,8:00,17:00
10014,11/09/2022,8:00,17:00
10014,11/10/2022,8:00,17:00
10014,11/11/2022,8:00,17:00
10014,11/14/2022,8:00,17:00
10014,11/15/2022,8:00,17:00
10014,11/16/2022,10:00,17:00
10014,11/17/2022,8:00,17:00
10014,11/18/2022,8:00,17:00
10014,11/21/2022,8:00,17:00
10014,11/22/2022,8:00,17:00
10014,11/23/2022,8:00,17:00
10014,11/24/2022,8:00,17:00
10014,11/25/2022,10:00,17:00
10014,11/28/2022,8:00,17:00
10014,11/29/2022,8:00,17:00
10014,11/30/2022,0:00,0:00
10014,12/01/2022,8:00,17:00
10014,12/02/2022,8:00,17:00
10014,12/05/2022,8:00,17:00
10014,12/06/2022,10:00,17:00
10014,12/07/2022,8:00,17:00
10014,12/08/2022,0:00,0:00
10014,12/09/2022,8:00,17:00
10014,12/12/2022,8:00,17:00
10014,12/13/2022,8:00,17:00
10014,12/14/2022,8:00,17:00
10014,12/15/2022,10:00,17:00
10014,12/16/2022,8:00,17:00
10014,12/19/2022,8:00,17:00
10014,12/20/2022,8:00,17:00
10014,12/21/2022,8:00,17:00
10014,12/22/2022,8:00,17:00
10014,12/23/2022,8:00,17:00
10014,12/26/2022,10:00,17:00
10014,12/27/2022,8:00,17:00
10014,12/28/2022,8:00,17:00
10014,12/29/2022,8:00,17:00
10014,12/30/2022,0:00,0:00
10015,09/01/2022,8:00,17:00
10015,09/02/2022,8:00,17:00
10015,09/05/2022,8:00,17:00
10015,09/06/2022,8:00,17:00
10015,09/07/2022,8:00,17:00
10015,09/08/2022,10:00,17:00
10015,09/09/2022,8:00,17:00
10015,09/12/2022,8:00,17:00
10015,09/13/2022,8:00,17:00
10015,09/14/2022,8:00,17:00
10015,09/15/2022,8:00,17:00
10015,09/16/2022,8:00,17:00
10015,09/19/2022,10:00,17:00
10015,09/20/2022,8:00,17:00
10015,09/21/2022,8:00,17:00
10015,09/22/2022,8:00,17:00
10015,09/23/2022,8:00,17:00
10015,09/26/2022,8:00,17:00
10015,09/27/2022,8:00,17:00
10015,09/28/2022,10:00,17:00
10015,09/29/2022,8:00,17:00
10015,09/30/2022,8:00,17:00
10015,10/03/2022,8:00,17:00
10015,10/04/2022,8:00,17:00
10015,10/05/2022,8:00,17:00
10015,10/06/2022,8:00,17:00
10015,10/07/2022,10:00,17:00
10015,10/10/2022,8:00,17:00
10015,10/11/2022,8:00,17:00
10015,10/12/2022,8:00,17:00
10015,10/13/2022,8:00,17:00
10015,10/14/2022,8:00,17:00
10015,10/17/2022,8:00,17:00
10015,10/18/2022,10:00,17:00
10015,10/19/2022,8:00,17:00
10015,10/20/2022,8:00,17:00
10015,10/21/2022,8:00,17:00
10015,10/24/2022,8:00,17:00
10015,10/25/2022,8:00,17:00
10015,10/26/2022,8:00,17:00
10015,10/27/2022,10:00,17:00
10015,10/28/2022,8:00,17:00
10015,10/31/2022,8:00,17:00
10015,11/01/2022,0:00,0:00
10015,11/02/2022,8:00,17:00
10015,11/03/2022,8:00,17:00
10015,11/04/2022,8:00,17:00
10015,11/07/2022,10:00,17:00
10015,11/08/2022,8:00,17:00
10015,11/09/2022,8:00,17:00
10015,11/10/2022,8:00,17:00
10015,11/11/2022,8:00,17:00
10015,11/14/2022,8:00,17:00
10015,11/15/2022,8:00,17:00
10015,11/16/2022,10:00,17:00
10015,11/17/2022,8:00,17:00
10015,11/18/2022,8:00,17:00
10015,11/21/2022,8:00,17:00
10015,11/22/2022,8:00,17:00
10015,11/23/2022,8:00,17:00
10015,11/24/2022,8:00,17:00
10015,11/25/2022,10:00,17:00
10015,11/28/2022,8:00,17:00
10015,11/29/2022,8:00,17:00
10015,11/30/2022,0:00,0:00
10015,12/01/2022,8:00,17:00
10015,12/02/2022,8:00,17:00
10015,12/05/2022,8:00,17:00
10015,12/06/2022,10:00,17:00
10015,12/07/2022,8:00,17:00
10015,12/08/2022,0:00,0:00
10015,12/09/2022,8:00,17:00
10015,12/12/2022,8:00,17:00
10015,12/13/2022,8:00,17:00
10015,12/14/2022,8:00,17:00
10015,12/15/2022,10:00,17:00
10015,12/16/2022,8:00,17:00
10015,12/19/2022,8:00,17:00
10015,12/20/2022,8:00,17:00
10015,12/21/2022,8:00,17:00
10015,12/22/2022,8:00,17:00
10015,12/23/2022,8:00,17:00
10015,12/26/2022,10:00,17:00
10015,12/27/2022,8:00,17:00
10015,12/28/2022,8:00,17:00
10015,12/29/2022,8:00,17:00
10015,12/30/2022,0:00,0:00
10016,09/01/2022,8:28,17:00
10016,09/02/2022,8:00,17:00
10016,09/05/2022,8:00,17:00
10016,09/06/2022,8:00,17:00
10016,09/07/2022,8:00,17:00
10016,09/08/2022,10:00,17:00
10016,09/09/2022,8:00,17:00
10016,09/12/2022,8:28,17:00
10016,09/13/2022,8:00,17:00
10016,09/14/2022,8:00,17:00
10016,09/15/2022,8:00,17:00
10016,09/16/2022,8:00,17:00
10016,09/19/2022,10:00,17:00
10016,09/20/2022,8:00,17:00
10016,09/21/2022,8:28,17:00
10016,09/22/2022,8:00,17:00
10016,09/23/2022,8:00,17:00
10016,09/26/2022,8:00,17:00
10016,09/27/2022,8:00,17:00
10016,09/28/2022,10:00,17:00
10016,09/29/2022,8:00,17:00
10016,09/30/2022,8:28,17:00
10016,10/03/2022,8:00,17:00
10016,10/04/2022,8:00,17:00
10016,10/05/2022,8:00,17:00
10016,10/06/2022,8:00,17:00
10016,10/07/2022,10:00,17:00
10016,10/10/2022,8:00,17:00
10016,10/11/2022,8:28,17:00
10016,10/12/2022,8:00,17:00
10016,10/13/2022,8:00,17:00
10016,10/14/2022,8:00,17:00
10016,10/17/2022,8:00,17:00
10016,10/18/2022,0:00,0:00
10016,10/19/2022,8:00,17:00
10016,10/20/2022,8:28,17:00
10016,10/21/2022,8:00,17:00
10016,10/24/2022,8:00,17:00
10016,10/25/2022,8:00,17:00
10016,10/26/2022,8:00,17:00
10016,10/27/2022,10:00,17:00
10016,10/28/2022,8:00,17:00
10016,10/31/2022,8:28,17:00
10016,11/01/2022,0:00,0:00
10016,11/02/2022,8:00,17:00
10016,11/03/2022,8:00,17:00
10016,11/04/2022,8:00,17:00
10016,11/07/2022,10:00,17:00
10016,11/08/2022,8:00,17:00
10016,11/09/2022,8:28,17:00
10016,11/10/2022,8:00,17:00
10016,11/11/2022,8:00,17:00
10016,11/14/2022,8:00,17:00
10016,11/15/2022,8:00,17:00
10016,11/16/2022,10:00,17:00
10016,11/17/2022,8:00,17:00
10016,11/18/2022,8:28,17:00
10016,11/21/2022,8:00,17:00
10016,11/22/2022,8:00,17:00
10016,11/23/2022,8:00,17:00
10016,11/24/2022,8:00,17:00
10016,11/25/2022,10:00,17:00
10016,11/28/2022,8:00,17:00
10016,11/29/2022,8:28,17:00
10016,11/30/2022,0:00,0:00
10016,12/01/2022,8:00,17:00
10016,12/02/2022,8:00,17:00
10016,12/05/2022,8:00,17:00
10016,12/06/2022,10:00,17:00
10016,12/07/2022,8:00,17:00
10016,12/08/2022,0:00,0:00
10016,12/09/2022,8:00,17:00
10016,12/12/2022,8:00,17:00
10016,12/13/2022,8:00,17:00
10016,12/14/2022,8:00,17:00
10016,12/15/2022,10:00,17:00
10016,12/16/2022,8:00,17:00
10016,12/19/2022,8:28,17:00
10016,12/20/2022,8:00,17:00
10016,12/21/2022,8:00,17:00
10016,12/22/2022,8:00,17:00
10016,12/23/2022,8:00,17:00
10016,12/26/2022,10:00,17:00
10016,12/27/2022,8:00,17:00
10016,12/28/2022,8:28,17:00
10016,12/29/2022,8:00,17:00
10016,12/30/2022,0:00,0:00
10017,09/01/2022,8:00,17:00
10017,09/02/2022,8:00,17:00
10017,09/05/2022,8:00,17:00
10017,09/06/2022,8:05,17:00
10017,09/07/2022,8:00,17:00
10017,09/08/2022,10:00,17:00
10017,09/09/2022,8:00,17:00
10017,09/12/2022,8:00,17:00
10017,09/13/2022,0:00,0:00
10017,09/14/2022,8:00,17:00
10017,09/15/2022,8:05,17:00
10017,09/16/2022,8:00,17:00
10017,09/19/2022,0:00,0:00
10017,09/20/2022,8:00,17:00
10017,09/21/2022,8:00,17:00
10017,09/22/2022,8:00,17:00
10017,09/23/2022,8:00,17:00
10017,09/26/2022,8:05,17:00
10017,09/27/2022,0:00,0:00
10017,09/28/2022,10:00,17:00
10017,09/29/2022,8:00,17:00
10017,09/30/2022,8:00,17:00
10017,10/03/2022,8:00,17:00
10017,10/04/2022,8:00,17:00
10017,10/05/2022,8:05,17:00
10017,10/06/2022,8:00,17:00
10017,10/07/2022,10:00,17:00
10017,10/10/2022,8:00,17:00
10017,10/11/2022,8:00,17:00
10017,10/12/2022,8:00,17:00
10017,10/13/2022,8:00,17:00
10017,10/14/2022,8:05,17:00
10017,10/17/2022,8:00,17:00
10017,10/18/2022,10:00,17:00
10017,10/19/2022,8:00,17:00
10017,10/20/2022,8:00,17:00
10017,10/21/2022,8:00,17:00
10017,10/24/2022,8:00,17:00
10017,10/25/2022,8:05,17:00
10017,10/26/2022,8:00,17:00
10017,10/27/2022,10:00,17:00
10017,10/28/2022,8:00,17:00
10017,10/31/2022,8:00,17:00
10017,11/01/2022,0:00,0:00
10017,11/02/2022,8:00,17:00
10017,11/03/2022,8:05,17:00
10017,11/04/2022,8:00,17:00
10017,11/07/2022,10:00,17:00
10017,11/08/2022,8:00,17:00
10017,11/09/2022,8:00,17:00
10017,11/10/2022,8:00,17:00
10017,11/11/2022,8:00,17:00
10017,11/14/2022,8:05,17:00
10017,11/15/2022,8:00,17:00
10017,11/16/2022,10:00,17:00
10017,11/17/2022,8:00,17:00
10017,11/18/2022,8:00,17:00
10017,11/21/2022,8:00,17:00
10017,11/22/2022,8:00,17:00
10017,11/23/2022,8:05,17:00
10017,11/24/2022,8:00,17:00
10017,11/25/2022,10:00,17:00
10017,11/28/2022,8:00,17:00
10017,11/29/2022,8:00,17:00
10017,11/30/2022,0:00,0:00
10017,12/01/2022,8:00,17:00
10017,12/02/2022,8:05,17:00
10017,12/05/2022,8:00,17:00
10017,12/06/2022,10:00,17:00
10017,12/07/2022,8:00,17:00
10017,12/08/2022,0:00,0:00
10017,12/09/2022,8:00,17:00
10017,12/12/2022,8:00,17:00
10017,12/13/2022,8:05,17:00
10017,12/14/2022,8:00,17:00
10017,12/15/2022,10:00,17:00
10017,12/16/2022,8:00,17:00
10017,12/19/2022,8:00,17:00
10017,12/20/2022,8:00,17:00
10017,12/21/2022,8:00,17:00
10017,12/22/2022,8:05,17:00
10017,12/23/2022,8:00,17:00
10017,12/26/2022,10:00,17:00
10017,12/27/2022,8:00,17:00
10017,12/28/2022,8:00,17:00
10017,12/29/2022,8:00,17:00
10017,12/30/2022,0:00,0:00
10018,09/01/2022,8:00,17:00
10018,09/02/2022,8:00,17:00
10018,09/05/2022,8:00,17:00
10018,09/06/2022,8:00,17:00
10018,09/07/2022,8:00,17:00
10018,09/08/2022,10:00,17:00
10018,09/09/2022,8:00,17:00
10018,09/12/2022,8:00,17:00
10018,09/13/2022,8:00,17:00
10018,09/14/2022,8:00,17:00
10018,09/15/2022,8:00,17:00
10018,09/16/2022,8:00,17:00
10018,09/19/2022,10:00,17:00
10018,09/20/2022,0:00,0:00
10018,09/21/2022,0:00,0:00
10018,09/22/2022,8:00,17:00
10018,09/23/2022,8:00,17:00
10018,09/26/2022,8:00,17:00
10018,09/27/2022,8:00,17:00
10018,09/28/2022,10:00,17:00
10018,09/29/2022,8:00,17:00
10018,09/30/2022,8:00,17:00
10018,10/03/2022,8:00,17:00
10018,10/04/2022,8:00,17:00
10018,10/05/2022,8:00,17:00
10018,10/06/2022,8:00,17:00
10018,10/07/2022,10:00,17:00
10018,10/10/2022,8:00,17:00
10018,10/11/2022,8:00,17:00
10018,10/12/2022,8:00,17:00
10018,10/13/2022,8:00,17:00
10018,10/14/2022,8:00,17:00
10018,10/17/2022,8:00,17:00
10018,10/18/2022,10:00,17:00
10018,10/19/2022,8:00,17:00
10018,10/20/2022,8:00,17:00
10018,10/21/2022,8:00,17:00
10018,10/24/2022,8:00,17:00
10018,10/25/2022,8:00,17:00
10018,10/26/2022,8:00,17:00
10018,10/27/2022,0:00,0:00
10018,10/28/2022,8:00,17:00
10018,10/31/2022,8:00,17:00
10018,11/01/2022,0:00,0:00
10018,11/02/2022,8:00,17:00
10018,11/03/2022,8:00,17:00
10018,11/04/2022,8:00,17:00
10018,11/07/2022,10:00,17:00
10018,11/08/2022,8:00,17:00
10018,11/09/2022,8:00,17:00
10018,11/10/2022,8:00,17:00
10018,11/11/2022,8:00,17:00
10018,11/14/2022,8:00,17:00
10018,11/15/2022,8:00,17:00
10018,11/16/2022,10:00,17:00
10018,11/17/2022,8:00,17:00
10018,11/18/2022,8:00,17:00
10018,11/21/2022,8:00,17:00
10018,11/22/2022,8:00,17:00
10018,11/23/2022,8:00,17:00
10018,11/24/2022,8:00,17:00
10018,11/25/2022,10:00,17:00
10018,11/28/2022,8:00,17:00
10018,11/29/2022,8:00,17:00
10018,11/30/2022,0:00,0:00
10018,12/01/2022,8:00,17:00
10018,12/02/2022,8:00,17:00
10018,12/05/2022,8:00,17:00
10018,12/06/2022,10:00,17:00
10018,12/07/2022,8:00,17:00
10018,12/08/2022,0:00,0:00
10018,12/09/2022,8:00,17:00
10018,12/12/2022,8:00,17:00
10018,12/13/2022,8:00,17:00
10018,12/14/2022,8:00,17:00
10018,12/15/2022,10:00,17:00
10018,12/16/2022,8:00,17:00
10018,12/19/2022,8:00,17:00
10018,12/20/2022,8:00,17:00
10018,12/21/2022,8:00,17:00
10018,12/22/2022,8:00,17:00
10018,12/23/2022,8:00,17:00
10018,12/26/2022,10:00,17:00
10018,12/27/2022,8:00,17:00
10018,12/28/2022,8:00,17:00
10018,12/29/2022,8:00,17:00
10018,12/30/2022,0:00,0:00
10019,09/01/2022,8:00,17:00
10019,09/02/2022,8:00,17:00
10019,09/05/2022,8:00,17:00
10019,09/06/2022,8:00,17:00
10019,09/07/2022,8:00,17:00
10019,09/08/2022,10:00,17:00
10019,09/09/2022,8:00,17:00
10019,09/12/2022,8:00,17:00
10019,09/13/2022,8:00,17:00
10019,09/14/2022,8:00,17:00
10019,09/15/2022,8:00,17:00
10019,09/16/2022,8:00,17:00
10019,09/19/2022,10:00,17:00
10019,09/20/2022,8:00,17:00
10019,09/21/2022,8:00,17:00
10019,09/22/2022,8:00,17:00
10019,09/23/2022,8:00,17:00
10019,09/26/2022,8:00,17:00
10019,09/27/2022,8:00,17:00
10019,09/28/2022,10:00,17:00
10019,09/29/2022,8:00,17:00
10019,09/30/2022,8:00,17:00
10019,10/03/2022,8:00,17:00
10019,10/04/2022,8:00,17:00
10019,10/05/2022,8:00,17:00
10019,10/06/2022,8:00,17:00
10019,10/07/2022,10:00,17:00
10019,10/10/2022,8:00,17:00
10019,10/11/2022,8:00,17:00
10019,10/12/2022,8:00,17:00
10019,10/13/2022,8:00,17:00
10019,10/14/2022,8:00,17:00
10019,10/17/2022,8:00,17:00
10019,10/18/2022,10:00,17:00
10019,10/19/2022,8:00,17:00
10019,10/20/2022,8:00,17:00
10019,10/21/2022,8:00,17:00
10019,10/24/2022,8:00,17:00
10019,10/25/2022,8:00,17:00
10019,10/26/2022,8:00,17:00
10019,10/27/2022,10:00,17:00
10019,10/28/2022,8:00,17:00
10019,10/31/2022,8:00,17:00
10019,11/01/2022,0:00,0:00
10019,11/02/2022,8:00,17:00
10019,11/03/2022,8:00,17:00
10019,11/04/2022,8:00,17:00
10019,11/07/2022,10:00,17:00
10019,11/08/2022,8:00,17:00
10019,11/09/2022,8:00,17:00
10019,11/10/2022,8:00,17:00
10019,11/11/2022,8:00,17:00
10019,11/14/2022,8:00,17:00
10019,11/15/2022,8:00,17:00
10019,11/16/2022,10:00,17:00
10019,11/17/2022,8:00,17:00
10019,11/18/2022,8:00,17:00
10019,11/21/2022,8:00,17:00
10019,11/22/2022,8:00,17:00
10019,11/23/2022,8:00,17:00
10019,11/24/2022,8:00,17:00
10019,11/25/2022,10:00,17:00
10019,11/28/2022,8:00,17:00
10019,11/29/2022,8:00,17:00
10019,11/30/2022,0:00,0:00
10019,12/01/2022,8:00,17:00
10019,12/02/2022,8:00,17:00
10019,12/05/2022,8:00,17:00
10019,12/06/2022,10:00,17:00
10019,12/07/2022,8:00,17:00
10019,12/08/2022,0:00,0:00
10019,12/09/2022,8:00,17:00
10019,12/12/2022,8:00,17:00
10019,12/13/2022,8:00,17:00
10019,12/14/2022,8:00,17:00
10019,12/15/2022,10:00,17:00
10019,12/16/2022,8:00,17:00
10019,12/19/2022,8:00,17:00
10019,12/20/2022,8:00,17:00
10019,12/21/2022,8:00,17:00
10019,12/22/2022,8:00,17:00
10019,12/23/2022,8:00,17:00
10019,12/26/2022,10:00,17:00
10019,12/27/2022,8:00,17:00
10019,12/28/2022,8:00,17:00
10019,12/29/2022,8:00,17:00
10019,12/30/2022,0:00,0:00
10020,09/01/2022,8:00,17:00
10020,09/02/2022,8:00,17:00
10020,09/05/2022,8:00,17:00
10020,09/06/2022,8:00,17:00
10020,09/07/2022,8:00,17:00
10020,09/08/2022,10:00,17:00
10020,09/09/2022,8:00,17:00
10020,09/12/2022,8:00,17:00
10020,09/13/2022,8:00,17:00
10020,09/14/2022,8:00,17:00
10020,09/15/2022,8:00,17:00
10020,09/16/2022,8:00,17:00
10020,09/19/2022,10:00,17:00
10020,09/20/2022,8:00,17:00
10020,09/21/2022,8:00,17:00
10020,09/22/2022,8:00,17:00
10020,09/23/2022,8:00,17:00
10020,09/26/2022,8:00,17:00
10020,09/27/2022,8:00,17:00
10020,09/28/2022,10:00,17:00
10020,09/29/2022,8:00,17:00
10020,09/30/2022,8:00,17:00
10020,10/03/2022,8:00,17:00
10020,10/04/2022,8:00,17:00
10020,10/05/2022,8:00,17:00
10020,10/06/2022,8:00,17:00
10020,10/07/2022,10:00,17:00
10020,10/10/2022,8:00,17:00
10020,10/11/2022,8:00,17:00
10020,10/12/2022,8:00,17:00
10020,10/13/2022,8:00,17:00
10020,10/14/2022,8:00,17:00
10020,10/17/2022,8:00,17:00
10020,10/18/2022,10:00,17:00
10020,10/19/2022,8:00,17:00
10020,10/20/2022,8:00,17:00
10020,10/21/2022,8:00,17:00
10020,10/24/2022,8:00,17:00
10020,10/25/2022,8:00,17:00
10020,10/26/2022,8:00,17:00
10020,10/27/2022,10:00,17:00
10020,10/28/2022,8:00,17:00
10020,10/31/2022,8:00,17:00
10020,11/01/2022,0:00,0:00
10020,11/02/2022,8:00,17:00
10020,11/03/2022,8:00,17:00
10020,11/04/2022,8:00,17:00
10020,11/07/2022,10:00,17:00
10020,11/08/2022,8:00,17:00
10020,11/09/2022,8:00,17:00
10020,11/10/2022,8:00,17:00
10020,11/11/2022,8:00,17:00
10020,11/14/2022,8:00,17:00
10020,11/15/2022,8:00,17:00
10020,11/16/2022,10:00,17:00
10020,11/17/2022,8:00,17:00
10020,11/18/2022,8:00,17:00
10020,11/21/2022,8:00,17:00
10020,11/22/2022,8:00,17:00
10020,11/23/2022,8:00,17:00
10020,11/24/2022,8:00,17:00
10020,11/25/2022,10:00,17:00
10020,11/28/2022,8:00,17:00
10020,11/29/2022,8:00,17:00
10020,11/30/2022,0:00,0:00
10020,12/01/2022,8:00,17:00
10020,12/02/2022,8:00,17:00
10020,12/05/2022,8:00,17:00
10020,12/06/2022,10:00,17:00
10020,12/07/2022,8:00,17:00
10020,12/08/2022,0:00,0:00
10020,12/09/2022,8:00,17:00
10020,12/12/2022,8:00,17:00
10020,12/13/2022,8:00,17:00
10020,12/14/2022,8:00,17:00
10020,12/15/2022,10:00,17:00
10020,12/16/2022,8:00,17:00
10020,12/19/2022,8:00,17:00
10020,12/20/2022,8:00,17:00
10020,12/21/2022,8:00,17:00
10020,12/22/2022,8:00,17:00
10020,12/23/2022,8:00,17:00
10020,12/26/2022,10:00,17:00
10020,12/27/2022,8:00,17:00
10020,12/28/2022,8:00,17:00
10020,12/29/2022,8:00,17:00
10020,12/30/2022,0:00,0:00
10021,09/01/2022,8:11,17:00
10021,09/02/2022,8:00,17:00
10021,09/05/2022,13:00,17:00
10021,09/06/2022,8:00,17:00
10021,09/07/2022,8:00,17:00
10021,09/08/2022,10:00,17:00
10021,09/09/2022,8:00,17:00
10021,09/12/2022,8:11,17:00
10021,09/13/2022,8:00,17:00
10021,09/14/2022,13:00,17:00
10021,09/15/2022,8:00,17:00
10021,09/16/2022,8:00,17:00
10021,09/19/2022,10:00,17:00
10021,09/20/2022,8:00,17:00
10021,09/21/2022,8:11,17:00
10021,09/22/2022,8:00,17:00
10021,09/23/2022,13:00,17:00
10021,09/26/2022,8:00,17:00
10021,09/27/2022,8:00,17:00
10021,09/28/2022,10:00,17:00
10021,09/29/2022,8:00,17:00
10021,09/30/2022,8:11,17:00
10021,10/03/2022,8:00,17:00
10021,10/04/2022,13:00,17:00
10021,10/05/2022,8:00,17:00
10021,10/06/2022,8:00,17:00
10021,10/07/2022,10:00,17:00
10021,10/10/2022,8:00,17:00
10021,10/11/2022,8:11,17:00
10021,10/12/2022,8:00,17:00
10021,10/13/2022,13:00,17:00
10021,10/14/2022,8:00,17:00
10021,10/17/2022,8:00,17:00
10021,10/18/2022,10:00,17:00
10021,10/19/2022,8:00,17:00
10021,10/20/2022,8:11,17:00
10021,10/21/2022,8:00,17:00
10021,10/24/2022,13:00,17:00
10021,10/25/2022,8:00,17:00
10021,10/26/2022,8:00,17:00
10021,10/27/2022,10:00,17:00
10021,10/28/2022,8:00,17:00
10021,10/31/2022,8:11,17:00
10021,11/01/2022,0:00,0:00
10021,11/02/2022,13:00,17:00
10021,11/03/2022,8:00,17:00
10021,11/04/2022,8:00,17:00
10021,11/07/2022,10:00,17:00
10021,11/08/2022,8:00,17:00
10021,11/09/2022,8:11,17:00
10021,11/10/2022,8:00,17:00
10021,11/11/2022,13:00,17:00
10021,11/14/2022,8:00,17:00
10021,11/15/2022,8:00,17:00
10021,11/16/2022,10:00,17:00
10021,11/17/2022,8:00,17:00
10021,11/18/2022,8:11,17:00
10021,11/21/2022,8:00,17:00
10021,11/22/2022,13:00,17:00
10021,11/23/2022,8:00,17:00
10021,11/24/2022,8:00,17:00
10021,11/25/2022,10:00,17:00
10021,11/28/2022,8:00,17:00
10021,11/29/2022,8:11,17:00
10021,11/30/2022,0:00,0:00
10021,12/01/2022,13:00,17:00
10021,12/02/2022,8:00,17:00
10021,12/05/2022,8:00,17:00
10021,12/06/2022,10:00,17:00
10021,12/07/2022,8:00,17:00
10021,12/08/2022,0:00,0:00
10021,12/09/2022,8:00,17:00
10021,12/12/2022,13:00,17:00
10021,12/13/2022,8:00,17:00
10021,12/14/2022,8:00,17:00
10021,12/15/2022,10:00,17:00
10021,12/16/2022,8:00,17:00
10021,12/19/2022,8:11,17:00
10021,12/20/2022,8:00,17:00
10021,12/21/2022,13:00,17:00
10021,12/22/2022,8:00,17:00
10021,12/23/2022,8:00,17:00
10021,12/26/2022,10:00,17:00
10021,12/27/2022,8:00,17:00
10021,12/28/2022,8:11,17:00
10021,12/29/2022,8:00,17:00
10021,12/30/2022,0:00,0:00
10022,09/01/2022,8:00,17:00
10022,09/02/2022,8:00,17:00
10022,09/05/2022,8:00,17:00
10022,09/06/2022,8:00,17:00
10022,09/07/2022,8:00,17:00
10022,09/08/2022,10:00,17:00
10022,09/09/2022,8:00,17:00
10022,09/12/2022,8:00,17:00
10022,09/13/2022,8:00,17:00
10022,09/14/2022,8:00,17:00
10022,09/15/2022,8:00,17:00
10022,09/16/2022,8:00,17:00
10022,09/19/2022,10:00,17:00
10022,09/20/2022,8:00,17:00
10022,09/21/2022,8:00,17:00
10022,09/22/2022,8:00,17:00
10022,09/23/2022,8:00,17:00
10022,09/26/2022,8:00,17:00
10022,09/27/2022,8:00,17:00
10022,09/28/2022,10:00,17:00
10022,09/29/2022,8:00,17:00
10022,09/30/2022,8:00,17:00
10022,10/03/2022,8:00,17:00
10022,10/04/2022,8:00,17:00
10022,10/05/2022,8:00,17:00
10022,10/06/2022,8:00,17:00
10022,10/07/2022,10:00,17:00
10022,10/10/2022,8:00,17:00
10022,10/11/2022,8:00,17:00
10022,10/12/2022,8:00,17:00
10022,10/13/2022,8:00,17:00
10022,10/14/2022,8:00,17:00
10022,10/17/2022,8:00,17:00
10022,10/18/2022,10:00,17:00
10022,10/19/2022,8:00,17:00
10022,10/20/2022,8:00,17:00
10022,10/21/2022,8:00,17:00
10022,10/24/2022,8:00,17:00
10022,10/25/2022,8:00,17:00
10022,10/26/2022,8:00,17:00
10022,10/27/2022,10:00,17:00
10022,10/28/2022,8:00,17:00
10022,10/31/2022,8:00,17:00
10022,11/01/2022,0:00,0:00
10022,11/02/2022,8:00,17:00
10022,11/03/2022,8:00,17:00
10022,11/04/2022,8:00,17:00
10022,11/07/2022,10:00,17:00
10022,11/08/2022,8:00,17:00
10022,11/09/2022,8:00,17:00
10022,11/10/2022,8:00,17:00
10022,11/11/2022,8:00,17:00
10022,11/14/2022,8:00,17:00
10022,11/15/2022,8:00,17:00
10022,11/16/2022,10:00,17:00
10022,11/17/2022,8:00,17:00
10022,11/18/2022,8:00,17:00
10022,11/21/2022,8:00,17:00
10022,11/22/2022,8:00,17:00
10022,11/23/2022,8:00,17:00
10022,11/24/2022,8:00,17:00
10022,11/25/2022,10:00,17:00
10022,11/28/2022,8:00,17:00
10022,11/29/2022,8:00,17:00
10022,11/30/2022,0:00,0:00
10022,12/01/2022,8:00,17:00
10022,12/02/2022,8:00,17:00
10022,12/05/2022,8:00,17:00
10022,12/06/2022,10:00,17:00
10022,12/07/2022,8:00,17:00
10022,12/08/2022,0:00,0:00
10022,12/09/2022,8:00,17:00
10022,12/12/2022,8:00,17:00
10022,12/13/2022,8:00,17:00
10022,12/14/2022,8:00,17:00
10022,12/15/2022,10:00,17:00
10022,12/16/2022,8:00,17:00
10022,12/19/2022,8:00,17:00
10022,12/20/2022,8:00,17:00
10022,12/21/2022,8:00,17:00
10022,12/22/2022,8:00,17:00
10022,12/23/2022,8:00,17:00
10022,12/26/2022,10:00,17:00
10022,12/27/2022,8:00,17:00
10022,12/28/2022,8:00,17:00
10022,12/29/2022,8:00,17:00
10022,12/30/2022,0:00,0:00
10023,09/01/2022,8:00,17:00
10023,09/02/2022,8:00,17:00
10023,09/05/2022,8:00,17:00
10023,09/06/2022,9:00,17:00
10023,09/07/2022,8:00,17:00
10023,09/08/2022,10:00,17:00
10023,09/09/2022,8:00,17:00
10023,09/12/2022,8:00,17:00
10023,09/13/2022,8:00,17:00
10023,09/14/2022,8:00,17:00
10023,09/15/2022,9:00,17:00
10023,09/16/2022,8:00,17:00
10023,09/19/2022,10:00,17:00
10023,09/20/2022,8:00,17:00
10023,09/21/2022,8:00,17:00
10023,09/22/2022,8:00,17:00
10023,09/23/2022,8:00,17:00
10023,09/26/2022,9:00,17:00
10023,09/27/2022,8:00,17:00
10023,09/28/2022,10:00,17:00
10023,09/29/2022,8:00,17:00
10023,09/30/2022,8:00,17:00
10023,10/03/2022,8:00,17:00
10023,10/04/2022,8:00,17:00
10023,10/05/2022,9:00,17:00
10023,10/06/2022,8:00,17:00
10023,10/07/2022,10:00,17:00
10023,10/10/2022,8:00,17:00
10023,10/11/2022,8:00,17:00
10023,10/12/2022,8:00,17:00
10023,10/13/2022,8:00,17:00
10023,10/14/2022,9:00,17:00
10023,10/17/2022,8:00,17:00
10023,10/18/2022,10:00,17:00
10023,10/19/2022,8:00,17:00
10023,10/20/2022,8:00,17:00
10023,10/21/2022,8:00,17:00
10023,10/24/2022,8:00,17:00
10023,10/25/2022,9:00,17:00
10023,10/26/2022,8:00,17:00
10023,10/27/2022,10:00,17:00
10023,10/28/2022,8:00,17:00
10023,10/31/2022,8:00,17:00
10023,11/01/2022,0:00,0:00
10023,11/02/2022,8:00,17:00
10023,11/03/2022,9:00,17:00
10023,11/04/2022,0:00,0:00
10023,11/07/2022,10:00,17:00
10023,11/08/2022,8:00,17:00
10023,11/09/2022,8:00,17:00
10023,11/10/2022,8:00,17:00
10023,11/11/2022,8:00,17:00
10023,11/14/2022,9:00,17:00
10023,11/15/2022,8:00,17:00
10023,11/16/2022,10:00,17:00
10023,11/17/2022,8:00,17:00
10023,11/18/2022,8:00,17:00
10023,11/21/2022,8:00,17:00
10023,11/22/2022,8:00,17:00
10023,11/23/2022,9:00,17:00
10023,11/24/2022,8:00,17:00
10023,11/25/2022,10:00,17:00
10023,11/28/2022,8:00,17:00
10023,11/29/2022,8:00,17:00
10023,11/30/2022,0:00,0:00
10023,12/01/2022,8:00,17:00
10023,12/02/2022,9:00,17:00
10023,12/05/2022,8:00,17:00
10023,12/06/2022,10:00,17:00
10023,12/07/2022,8:00,17:00
10023,12/08/2022,0:00,0:00
10023,12/09/2022,8:00,17:00
10023,12/12/2022,8:00,17:00
10023,12/13/2022,9:00,17:00
10023,12/14/2022,8:00,17:00
10023,12/15/2022,10:00,17:00
10023,12/16/2022,8:00,17:00
10023,12/19/2022,8:00,17:00
10023,12/20/2022,8:00,17:00
10023,12/21/2022,8:00,17:00
10023,12/22/2022,9:00,17:00
10023,12/23/2022,8:00,17:00
10023,12/26/2022,10:00,17:00
10023,12/27/2022,8:00,17:00
10023,12/28/2022,8:00,17:00
10023,12/29/2022,8:00,17:00
10023,12/30/2022,0:00,0:00
10024,09/01/2022,8:21,17:00
10024,09/02/2022,8:00,17:00
10024,09/05/2022,8:00,17:00
10024,09/06/2022,8:00,17:00
10024,09/07/2022,8:00,17:00
10024,09/08/2022,10:00,17:00
10024,09/09/2022,8:00,17:00
10024,09/12/2022,8:21,17:00
10024,09/13/2022,8:00,17:00
10024,09/14/2022,8:00,17:00
10024,09/15/2022,0:00,0:00
10024,09/16/2022,8:00,17:00
10024,09/19/2022,10:00,17:00
10024,09/20/2022,8:00,17:00
10024,09/21/2022,8:21,17:00
10024,09/22/2022,8:00,17:00
10024,09/23/2022,8:00,17:00
10024,09/26/2022,8:00,17:00
10024,09/27/2022,8:00,17:00
10024,09/28/2022,10:00,17:00
10024,09/29/2022,8:00,17:00
10024,09/30/2022,8:21,17:00
10024,10/03/2022,8:00,17:00
10024,10/04/2022,8:00,17:00
10024,10/05/2022,8:00,17:00
10024,10/06/2022,8:00,17:00
10024,10/07/2022,10:00,17:00
10024,10/10/2022,8:00,17:00
10024,10/11/2022,8:21,17:00
10024,10/12/2022,8:00,17:00
10024,10/13/2022,8:00,17:00
10024,10/14/2022,8:00,17:00
10024,10/17/2022,8:00,17:00
10024,10/18/2022,10:00,17:00
10024,10/19/2022,8:00,17:00
10024,10/20/2022,8:21,17:00
10024,10/21/2022,8:00,17:00
10024,10/24/2022,8:00,17:00
10024,10/25/2022,8:00,17:00
10024,10/26/2022,8:00,17:00
10024,10/27/2022,10:00,17:00
10024,10/28/2022,8:00,17:00
10024,10/31/2022,8:21,17:00
10024,11/01/2022,0:00,0:00
10024,11/02/2022,8:00,17:00
10024,11/03/2022,8:00,17:00
10024,11/04/2022,8:00,17:00
10024,11/07/2022,10:00,17:00
10024,11/08/2022,8:00,17:00
10024,11/09/2022,8:21,17:00
10024,11/10/2022,8:00,17:00
10024,11/11/2022,8:00,17:00
10024,11/14/2022,8:00,17:00
10024,11/15/2022,8:00,17:00
10024,11/16/2022,10:00,17:00
10024,11/17/2022,8:00,17:00
10024,11/18/2022,8:21,17:00
10024,11/21/2022,8:00,17:00
10024,11/22/2022,8:00,17:00
10024,11/23/2022,8:00,17:00
10024,11/24/2022,8:00,17:00
10024,11/25/2022,10:00,17:00
10024,11/28/2022,8:00,17:00
10024,11/29/2022,8:21,17:00
10024,11/30/2022,0:00,0:00
10024,12/01/2022,8:00,17:00
10024,12/02/2022,8:00,17:00
10024,12/05/2022,8:00,17:00
10024,12/06/2022,10:00,17:00
10024,12/07/2022,8:00,17:00
10024,12/08/2022,0:00,0:00
10024,12/09/2022,8:00,17:00
10024,12/12/2022,8:00,17:00
10024,12/13/2022,8:00,17:00
10024,12/14/2022,8:00,17:00
10024,12/15/2022,10:00,17:00
10024,12/16/2022,8:00,17:00
10024,12/19/2022,8:21,17:00
10024,12/20/2022,8:00,17:00
10024,12/21/2022,8:00,17:00
10024,12/22/2022,8:00,17:00
10024,12/23/2022,8:00,17:00
10024,12/26/2022,10:00,17:00
10024,12/27/2022,8:00,17:00
10024,12/28/2022,8:21,17:00
10024,12/29/2022,8:00,17:00
10024,12/30/2022,0:00,0:00
10025,09/01/2022,8:00,17:00
10025,09/02/2022,8:00,17:00
10025,09/05/2022,8:00,17:00
10025,09/06/2022,8:00,17:00
10025,09/07/2022,8:00,17:00
10025,09/08/2022,10:00,17:00
10025,09/09/2022,8:00,17:00
10025,09/12/2022,8:00,17:00
10025,09/13/2022,8:00,17:00
10025,09/14/2022,8:00,17:00
10025,09/15/2022,8:00,17:00
10025,09/16/2022,8:00,17:00
10025,09/19/2022,10:00,17:00
10025,09/20/2022,8:00,17:00
10025,09/21/2022,8:00,17:00
10025,09/22/2022,8:00,17:00
10025,09/23/2022,8:00,17:00
10025,09/26/2022,8:00,17:00
10025,09/27/2022,8:00,17:00
10025,09/28/2022,10:00,17:00
10025,09/29/2022,8:00,17:00
10025,09/30/2022,8:00,17:00
10025,10/03/2022,8:00,17:00
10025,10/04/2022,8:00,17:00
10025,10/05/2022,8:00,17:00
10025,10/06/2022,8:00,17:00
10025,10/07/2022,10:00,17:00
10025,10/10/2022,8:00,17:00
10025,10/11/2022,8:00,17:00
10025,10/12/2022,8:00,17:00
10025,10/13/2022,8:00,17:00
10025,10/14/2022,8:00,17:00
10025,10/17/2022,8:00,17:00
10025,10/18/2022,10:00,17:00
10025,10/19/2022,8:00,17:00
10025,10/20/2022,8:00,17:00
10025,10/21/2022,8:00,17:00
10025,10/24/2022,8:00,17:00
10025,10/25/2022,8:00,17:00
10025,10/26/2022,8:00,17:00
10025,10/27/2022,10:00,17:00
10025,10/28/2022,8:00,17:00
10025,10/31/2022,8:00,17:00
10025,11/01/2022,0:00,0:00
10025,11/02/2022,8:00,17:00
10025,11/03/2022,8:00,17:00
10025,11/04/2022,8:00,17:00
10025,11/07/2022,10:00,17:00
10025,11/08/2022,8:00,17:00
10025,11/09/2022,8:00,17:00
10025,11/10/2022,8:00,17:00
10025,11/11/2022,8:00,17:00
10025,11/14/2022,8:00,17:00
10025,11/15/2022,8:00,17:00
10025,11/16/2022,10:00,17:00
10025,11/17/2022,8:00,17:00
10025,11/18/2022,8:00,17:00
10025,11/21/2022,8:00,17:00
10025,11/22/2022,8:00,17:00
10025,11/23/2022,8:00,17:00
10025,11/24/2022,8:00,17:00
10025,11/25/2022,10:00,17:00
10025,11/28/2022,8:00,17:00
10025,11/29/2022,8:00,17:00
10025,11/30/2022,0:00,0:00
10025,12/01/2022,8:00,17:00
10025,12/02/2022,8:00,17:00
10025,12/05/2022,8:00,17:00
10025,12/06/2022,10:00,17:00
10025,12/07/2022,8:00,17:00
10025,12/08/2022,0:00,0:00
10025,12/09/2022,8:00,17:00
10025,12/12/2022,8:00,17:00
10025,12/13/2022,8:00,17:00
10025,12/14/2022,8:00,17:00
10025,12/15/2022,10:00,17:00
10025,12/16/2022,8:00,17:00
10025,12/19/2022,8:00,17:00
10025,12/20/2022,8:00,17:00
10025,12/21/2022,8:00,17:00
10025,12/22/2022,8:00,17:00
10025,12/23/2022,8:00,17:00
10025,12/26/2022,10:00,17:00
10025,12/27/2022,8:00,17:00
10025,12/28/2022,8:00,17:00
10025,12/29/2022,8:00,17:00
10025,12/30/2022,0:00,0:00
